,Date,Sales,Hour
2790,2017-01-27,10.0,6
2791,2017-01-27,39.0,9
2792,2017-01-27,55.5,12
2793,2017-01-27,65.75,15
2794,2017-01-27,9.0,18
2795,2017-01-28,11.5,6
2796,2017-01-28,64.5,9
2797,2017-01-28,78.0,12
2798,2017-01-28,44.25,15
2799,2017-01-28,0.0,18
2800,2017-01-29,5.0,6
2801,2017-01-29,39.0,9
2802,2017-01-29,64.75,12
2803,2017-01-29,38.5,15
2804,2017-01-29,0.0,18
2805,2017-01-30,6.0,6
2806,2017-01-30,23.75,9
2807,2017-01-30,55.0,12
2808,2017-01-30,9.5,15
2809,2017-01-30,0.0,18
2810,2017-01-31,3.0,6
2811,2017-01-31,45.0,9
2812,2017-01-31,53.5,12
2813,2017-01-31,58.40000000000001,15
2814,2017-01-31,11.45,18
2815,2017-02-01,5.0,6
2816,2017-02-01,47.0,9
2817,2017-02-01,67.75,12
2818,2017-02-01,30.0,15
2819,2017-02-01,0.0,18
2820,2017-02-02,6.0,6
2821,2017-02-02,41.75,9
2822,2017-02-02,71.25,12
2823,2017-02-02,33.9,15
2824,2017-02-02,6.45,18
2825,2017-02-03,11.5,6
2826,2017-02-03,33.5,9
2827,2017-02-03,85.0,12
2828,2017-02-03,40.25,15
2829,2017-02-03,0.0,18
2830,2017-02-04,11.5,6
2831,2017-02-04,54.5,9
2832,2017-02-04,73.25,12
2833,2017-02-04,50.0,15
2834,2017-02-04,0.0,18
2835,2017-02-05,8.25,6
2836,2017-02-05,43.5,9
2837,2017-02-05,65.25,12
2838,2017-02-05,32.0,15
2839,2017-02-05,0.0,18
2840,2017-02-06,4.5,6
2841,2017-02-06,23.0,9
2842,2017-02-06,56.75,12
2843,2017-02-06,6.0,15
2844,2017-02-06,0.0,18
2845,2017-02-07,6.75,6
2846,2017-02-07,34.0,9
2847,2017-02-07,69.25,12
2848,2017-02-07,49.0,15
2849,2017-02-07,17.9,18
2850,2017-02-08,4.75,6
2851,2017-02-08,32.5,9
2852,2017-02-08,67.0,12
2853,2017-02-08,34.0,15
2854,2017-02-08,2.45,18
2855,2017-02-09,3.5,6
2856,2017-02-09,37.75,9
2857,2017-02-09,56.5,12
2858,2017-02-09,43.65,15
2859,2017-02-09,7.0,18
2860,2017-02-10,16.0,6
2861,2017-02-10,46.5,9
2862,2017-02-10,67.75,12
2863,2017-02-10,58.0,15
2864,2017-02-10,1.0,18
2865,2017-02-11,10.5,6
2866,2017-02-11,58.0,9
2867,2017-02-11,74.5,12
2868,2017-02-11,51.4,15
2869,2017-02-11,2.45,18
2870,2017-02-12,2.0,6
2871,2017-02-12,42.5,9
2872,2017-02-12,82.75,12
2873,2017-02-12,23.5,15
2874,2017-02-12,0.0,18
2875,2017-02-13,4.5,6
2876,2017-02-13,34.25,9
2877,2017-02-13,28.0,12
2878,2017-02-13,9.5,15
2879,2017-02-13,0.0,18
2880,2017-02-14,5.0,6
2881,2017-02-14,44.0,9
2882,2017-02-14,46.25,12
2883,2017-02-14,33.25,15
2884,2017-02-14,8.35,18
2885,2017-02-15,6.75,6
2886,2017-02-15,37.5,9
2887,2017-02-15,42.5,12
2888,2017-02-15,48.5,15
2889,2017-02-15,9.35,18
2890,2017-02-16,5.0,6
2891,2017-02-16,49.25,9
2892,2017-02-16,62.75,12
2893,2017-02-16,42.25,15
2894,2017-02-16,13.25,18
2895,2017-02-17,18.0,6
2896,2017-02-17,44.5,9
2897,2017-02-17,63.5,12
2898,2017-02-17,52.5,15
2899,2017-02-17,7.35,18
2900,2017-02-18,7.0,6
2901,2017-02-18,63.5,9
2902,2017-02-18,69.75,12
2903,2017-02-18,38.25,15
2904,2017-02-18,6.45,18
2905,2017-02-19,3.0,6
2906,2017-02-19,31.5,9
2907,2017-02-19,58.75,12
2908,2017-02-19,29.0,15
2909,2017-02-19,0.0,18
2910,2017-02-20,11.5,6
2911,2017-02-20,22.0,9
2912,2017-02-20,48.5,12
2913,2017-02-20,7.5,15
2914,2017-02-20,0.0,18
2915,2017-02-21,8.5,6
2916,2017-02-21,39.5,9
2917,2017-02-21,51.75,12
2918,2017-02-21,41.0,15
2919,2017-02-21,0.0,18
2920,2017-02-22,12.5,6
2921,2017-02-22,37.5,9
2922,2017-02-22,58.0,12
2923,2017-02-22,39.0,15
2924,2017-02-22,0.0,18
2925,2017-02-23,3.0,6
2926,2017-02-23,54.25,9
2927,2017-02-23,43.75,12
2928,2017-02-23,21.5,15
2929,2017-02-23,0.45,18
2930,2017-02-24,5.5,6
2931,2017-02-24,36.25,9
2932,2017-02-24,50.0,12
2933,2017-02-24,27.5,15
2934,2017-02-24,6.0,18
2935,2017-02-25,5.0,6
2936,2017-02-25,38.5,9
2937,2017-02-25,44.0,12
2938,2017-02-25,26.0,15
2939,2017-02-25,1.45,18
2940,2017-02-26,2.0,6
2941,2017-02-26,33.25,9
2942,2017-02-26,56.25,12
2943,2017-02-26,18.5,15
2944,2017-02-26,0.0,18
2945,2017-02-27,4.0,6
2946,2017-02-27,31.0,9
2947,2017-02-27,42.5,12
2948,2017-02-27,6.0,15
2949,2017-02-27,0.0,18
2950,2017-02-28,8.0,6
2951,2017-02-28,34.5,9
2952,2017-02-28,51.0,12
2953,2017-02-28,45.0,15
2954,2017-02-28,0.45,18
2955,2017-03-01,4.25,6
2956,2017-03-01,33.375,9
2957,2017-03-01,55.5,12
2958,2017-03-01,47.0,15
2959,2017-03-01,8.9,18
2960,2017-03-02,4.0,6
2961,2017-03-02,41.5,9
2962,2017-03-02,46.5,12
2963,2017-03-02,38.75,15
2964,2017-03-02,8.45,18
2965,2017-03-03,7.5,6
2966,2017-03-03,44.125,9
2967,2017-03-03,68.5,12
2968,2017-03-03,40.5,15
2969,2017-03-03,5.45,18
2970,2017-03-04,19.5,6
2971,2017-03-04,60.5,9
2972,2017-03-04,60.875,12
2973,2017-03-04,41.0,15
2974,2017-03-04,10.0,18
2975,2017-03-05,6.5,6
2976,2017-03-05,37.0,9
2977,2017-03-05,59.5,12
2978,2017-03-05,37.25,15
2979,2017-03-05,0.0,18
2980,2017-03-06,7.0,6
2981,2017-03-06,21.5,9
2982,2017-03-06,20.5,12
2983,2017-03-06,13.25,15
2984,2017-03-06,0.0,18
2985,2017-03-07,8.0,6
2986,2017-03-07,67.5,9
2987,2017-03-07,71.0,12
2988,2017-03-07,28.0,15
2989,2017-03-07,0.0,18
2990,2017-03-08,9.0,6
2991,2017-03-08,25.0,9
2992,2017-03-08,35.5,12
2993,2017-03-08,18.0,15
2994,2017-03-08,0.0,18
2995,2017-03-09,5.375,6
2996,2017-03-09,30.75,9
2997,2017-03-09,36.0,12
2998,2017-03-09,38.75,15
2999,2017-03-09,4.0,18
3000,2017-03-10,6.0,6
3001,2017-03-10,44.0,9
3002,2017-03-10,53.0,12
3003,2017-03-10,47.0,15
3004,2017-03-10,2.45,18
3005,2017-03-11,8.5,6
3006,2017-03-11,72.75,9
3007,2017-03-11,69.75,12
3008,2017-03-11,28.5,15
3009,2017-03-11,0.0,18
3010,2017-03-12,12.5,6
3011,2017-03-12,43.0,9
3012,2017-03-12,65.5,12
3013,2017-03-12,15.5,15
3014,2017-03-12,0.0,18
3015,2017-03-13,7.75,6
3016,2017-03-13,35.5,9
3017,2017-03-13,44.5,12
3018,2017-03-13,7.25,15
3019,2017-03-13,0.0,18
3020,2017-03-14,9.5,6
3021,2017-03-14,42.25,9
3022,2017-03-14,59.0,12
3023,2017-03-14,47.0,15
3024,2017-03-14,0.0,18
3025,2017-03-15,7.5,6
3026,2017-03-15,35.125,9
3027,2017-03-15,56.25,12
3028,2017-03-15,43.5,15
3029,2017-03-15,12.9,18
3030,2017-03-16,10.0,6
3031,2017-03-16,48.0,9
3032,2017-03-16,44.75,12
3033,2017-03-16,43.0,15
3034,2017-03-16,5.45,18
3035,2017-03-17,5.5,6
3036,2017-03-17,42.0,9
3037,2017-03-17,66.25,12
3038,2017-03-17,36.0,15
3039,2017-03-17,0.0,18
3040,2017-03-18,15.0,6
3041,2017-03-18,68.5,9
3042,2017-03-18,70.5,12
3043,2017-03-18,45.75,15
3044,2017-03-18,0.0,18
3045,2017-03-19,8.75,6
3046,2017-03-19,39.25,9
3047,2017-03-19,69.5,12
3048,2017-03-19,34.5,15
3049,2017-03-19,0.0,18
3050,2017-03-20,6.0,6
3051,2017-03-20,25.5,9
3052,2017-03-20,37.375,12
3053,2017-03-20,9.75,15
3054,2017-03-20,0.0,18
3055,2017-03-21,4.5,6
3056,2017-03-21,30.5,9
3057,2017-03-21,41.5,12
3058,2017-03-21,38.5,15
3059,2017-03-21,9.9,18
3060,2017-03-22,7.0,6
3061,2017-03-22,26.5,9
3062,2017-03-22,42.5,12
3063,2017-03-22,36.0,15
3064,2017-03-22,6.35,18
3065,2017-03-23,10.5,6
3066,2017-03-23,27.0,9
3067,2017-03-23,44.5,12
3068,2017-03-23,29.5,15
3069,2017-03-23,5.0,18
3070,2017-03-24,7.5,6
3071,2017-03-24,52.25,9
3072,2017-03-24,58.5,12
3073,2017-03-24,43.5,15
3074,2017-03-24,0.9,18
3075,2017-03-25,17.0,6
3076,2017-03-25,55.5,9
3077,2017-03-25,62.5,12
3078,2017-03-25,26.0,15
3079,2017-03-25,3.0,18
3080,2017-03-26,6.0,6
3081,2017-03-26,37.0,9
3082,2017-03-26,50.5,12
3083,2017-03-26,25.0,15
3084,2017-03-26,0.0,18
3085,2017-03-27,6.5,6
3086,2017-03-27,20.75,9
3087,2017-03-27,40.5,12
3088,2017-03-27,6.5,15
3089,2017-03-27,0.0,18
3090,2017-03-28,3.0,6
3091,2017-03-28,35.5,9
3092,2017-03-28,50.25,12
3093,2017-03-28,38.25,15
3094,2017-03-28,12.8,18
3095,2017-03-29,4.0,6
3096,2017-03-29,38.375,9
3097,2017-03-29,37.5,12
3098,2017-03-29,35.5,15
3099,2017-03-29,11.9,18
3100,2017-03-30,7.5,6
3101,2017-03-30,39.5,9
3102,2017-03-30,46.0,12
3103,2017-03-30,34.5,15
3104,2017-03-30,10.7,18
3105,2017-03-31,7.5,6
3106,2017-03-31,40.0,9
3107,2017-03-31,58.5,12
3108,2017-03-31,45.5,15
3109,2017-03-31,0.0,18
3110,2017-04-01,12.0,6
3111,2017-04-01,49.5,9
3112,2017-04-01,70.5,12
3113,2017-04-01,38.0,15
3114,2017-04-01,0.0,18
3115,2017-04-02,6.0,6
3116,2017-04-02,62.5,9
3117,2017-04-02,54.25,12
3118,2017-04-02,35.0,15
3119,2017-04-02,0.0,18
3120,2017-04-03,7.5,6
3121,2017-04-03,25.0,9
3122,2017-04-03,50.0,12
3123,2017-04-03,2.5,15
3124,2017-04-03,0.0,18
3125,2017-04-04,5.0,6
3126,2017-04-04,42.0,9
3127,2017-04-04,54.125,12
3128,2017-04-04,44.75,15
3129,2017-04-04,1.0,18
3130,2017-04-05,6.25,6
3131,2017-04-05,30.5,9
3132,2017-04-05,35.0,12
3133,2017-04-05,34.0,15
3134,2017-04-05,5.9,18
3135,2017-04-06,4.5,6
3136,2017-04-06,34.5,9
3137,2017-04-06,61.0,12
3138,2017-04-06,30.0,15
3139,2017-04-06,3.8,18
3140,2017-04-07,8.5,6
3141,2017-04-07,42.5,9
3142,2017-04-07,46.5,12
3143,2017-04-07,47.0,15
3144,2017-04-07,15.9,18
3145,2017-04-08,9.5,6
3146,2017-04-08,46.5,9
3147,2017-04-08,53.0,12
3148,2017-04-08,26.0,15
3149,2017-04-08,2.45,18
3150,2017-04-09,6.0,6
3151,2017-04-09,43.0,9
3152,2017-04-09,65.25,12
3153,2017-04-09,27.5,15
3154,2017-04-09,0.0,18
3155,2017-04-10,3.5,6
3156,2017-04-10,18.0,9
3157,2017-04-10,27.5,12
3158,2017-04-10,13.0,15
3159,2017-04-10,0.0,18
3160,2017-04-11,2.5,6
3161,2017-04-11,37.0,9
3162,2017-04-11,48.875,12
3163,2017-04-11,39.0,15
3164,2017-04-11,0.0,18
3165,2017-04-12,9.0,6
3166,2017-04-12,30.0,9
3167,2017-04-12,46.0,12
3168,2017-04-12,39.5,15
3169,2017-04-12,18.183333333333334,18
3170,2017-04-13,9.0,6
3171,2017-04-13,26.5,9
3172,2017-04-13,68.5,12
3173,2017-04-13,40.75,15
3174,2017-04-13,12.15,18
3175,2017-04-14,11.5,6
3176,2017-04-14,49.0,9
3177,2017-04-14,69.5,12
3178,2017-04-14,77.5,15
3179,2017-04-14,1.0,18
3180,2017-04-15,14.5,6
3181,2017-04-15,68.0,9
3182,2017-04-15,100.5,12
3183,2017-04-15,15.5,15
3184,2017-04-15,0.0,18
3185,2017-04-16,0.0,6
3186,2017-04-16,0.0,9
3187,2017-04-16,0.0,12
3188,2017-04-16,0.0,15
3189,2017-04-16,0.0,18
3190,2017-04-17,4.0,6
3191,2017-04-17,24.5,9
3192,2017-04-17,27.0,12
3193,2017-04-17,5.0,15
3194,2017-04-17,0.0,18
3195,2017-04-18,5.5,6
3196,2017-04-18,37.5,9
3197,2017-04-18,35.0,12
3198,2017-04-18,41.375,15
3199,2017-04-18,8.0,18
3200,2017-04-19,3.5,6
3201,2017-04-19,29.0,9
3202,2017-04-19,37.875,12
3203,2017-04-19,26.0,15
3204,2017-04-19,0.0,18
3205,2017-04-20,5.5,6
3206,2017-04-20,35.75,9
3207,2017-04-20,63.25,12
3208,2017-04-20,37.5,15
3209,2017-04-20,8.45,18
3210,2017-04-21,8.5,6
3211,2017-04-21,36.125,9
3212,2017-04-21,58.25,12
3213,2017-04-21,58.0,15
3214,2017-04-21,7.8,18
3215,2017-04-22,7.5,6
3216,2017-04-22,54.375,9
3217,2017-04-22,59.0,12
3218,2017-04-22,41.25,15
3219,2017-04-22,7.8,18
3220,2017-04-23,6.5,6
3221,2017-04-23,36.5,9
3222,2017-04-23,56.5,12
3223,2017-04-23,21.25,15
3224,2017-04-23,0.0,18
3225,2017-04-24,7.5,6
3226,2017-04-24,31.75,9
3227,2017-04-24,34.25,12
3228,2017-04-24,2.0,15
3229,2017-04-24,0.0,18
3230,2017-04-25,5.0,6
3231,2017-04-25,35.875,9
3232,2017-04-25,40.5,12
3233,2017-04-25,33.0,15
3234,2017-04-25,15.250000000000002,18
3235,2017-04-26,9.0,6
3236,2017-04-26,41.875,9
3237,2017-04-26,34.0,12
3238,2017-04-26,34.25,15
3239,2017-04-26,5.9,18
3240,2017-04-27,4.5,6
3241,2017-04-27,42.5,9
3242,2017-04-27,54.0,12
3243,2017-04-27,39.0,15
3244,2017-04-27,0.0,18
3245,2017-04-28,8.875,6
3246,2017-04-28,36.75,9
3247,2017-04-28,68.5,12
3248,2017-04-28,43.5,15
3249,2017-04-28,7.35,18
3250,2017-04-29,10.5,6
3251,2017-04-29,56.5,9
3252,2017-04-29,59.0,12
3253,2017-04-29,25.0,15
3254,2017-04-29,2.9,18
3255,2017-04-30,5.5,6
3256,2017-04-30,41.5,9
3257,2017-04-30,50.25,12
3258,2017-04-30,19.25,15
3259,2017-04-30,0.0,18
3260,2017-05-01,3.0,6
3261,2017-05-01,25.5,9
3262,2017-05-01,28.0,12
3263,2017-05-01,5.0,15
3264,2017-05-01,0.0,18
3265,2017-05-02,7.0,6
3266,2017-05-02,25.75,9
3267,2017-05-02,37.5,12
3268,2017-05-02,36.75,15
3269,2017-05-02,3.35,18
3270,2017-05-03,2.0,6
3271,2017-05-03,35.375,9
3272,2017-05-03,43.0,12
3273,2017-05-03,31.5,15
3274,2017-05-03,8.9,18
3275,2017-05-04,2.5,6
3276,2017-05-04,37.625,9
3277,2017-05-04,57.375,12
3278,2017-05-04,28.75,15
3279,2017-05-04,0.0,18
3280,2017-05-05,7.0,6
3281,2017-05-05,38.0,9
3282,2017-05-05,73.0,12
3283,2017-05-05,47.5,15
3284,2017-05-05,3.9,18
3285,2017-05-06,13.0,6
3286,2017-05-06,47.5,9
3287,2017-05-06,61.75,12
3288,2017-05-06,27.5,15
3289,2017-05-06,0.0,18
3290,2017-05-07,17.25,6
3291,2017-05-07,37.5,9
3292,2017-05-07,44.5,12
3293,2017-05-07,18.0,15
3294,2017-05-07,0.0,18
3295,2017-05-08,5.5,6
3296,2017-05-08,43.0,9
3297,2017-05-08,43.5,12
3298,2017-05-08,0.5,15
3299,2017-05-08,0.0,18
3300,2017-05-09,2.0,6
3301,2017-05-09,24.0,9
3302,2017-05-09,38.0,12
3303,2017-05-09,28.5,15
3304,2017-05-09,0.0,18
3305,2017-05-10,6.0,6
3306,2017-05-10,43.0,9
3307,2017-05-10,48.75,12
3308,2017-05-10,16.5,15
3309,2017-05-10,0.0,18
3310,2017-05-11,4.0,6
3311,2017-05-11,36.875,9
3312,2017-05-11,59.25,12
3313,2017-05-11,39.5,15
3314,2017-05-11,9.35,18
3315,2017-05-12,7.25,6
3316,2017-05-12,45.875,9
3317,2017-05-12,77.0,12
3318,2017-05-12,52.0,15
3319,2017-05-12,4.9,18
3320,2017-05-13,10.5,6
3321,2017-05-13,52.75,9
3322,2017-05-13,49.5,12
3323,2017-05-13,44.0,15
3324,2017-05-13,12.45,18
3325,2017-05-14,4.5,6
3326,2017-05-14,31.75,9
3327,2017-05-14,50.5,12
3328,2017-05-14,24.5,15
3329,2017-05-14,0.0,18
3330,2017-05-15,7.5,6
3331,2017-05-15,35.0,9
3332,2017-05-15,37.0,12
3333,2017-05-15,0.0,15
3334,2017-05-15,0.0,18
3335,2017-05-16,6.5,6
3336,2017-05-16,36.5,9
3337,2017-05-16,30.625,12
3338,2017-05-16,34.5,15
3339,2017-05-16,10.25,18
3340,2017-05-17,6.75,6
3341,2017-05-17,52.0,9
3342,2017-05-17,48.0,12
3343,2017-05-17,40.5,15
3344,2017-05-17,7.9,18
3345,2017-05-18,8.0,6
3346,2017-05-18,38.0,9
3347,2017-05-18,47.5,12
3348,2017-05-18,31.5,15
3349,2017-05-18,7.8,18
3350,2017-05-19,8.0,6
3351,2017-05-19,41.875,9
3352,2017-05-19,66.5,12
3353,2017-05-19,37.0,15
3354,2017-05-19,8.9,18
3355,2017-05-20,8.5,6
3356,2017-05-20,61.5,9
3357,2017-05-20,49.25,12
3358,2017-05-20,18.75,15
3359,2017-05-20,6.45,18
3360,2017-05-21,1.5,6
3361,2017-05-21,37.5,9
3362,2017-05-21,45.25,12
3363,2017-05-21,20.5,15
3364,2017-05-21,0.0,18
3365,2017-05-22,7.0,6
3366,2017-05-22,45.25,9
3367,2017-05-22,39.25,12
3368,2017-05-22,1.0,15
3369,2017-05-22,0.0,18
3370,2017-05-23,5.0,6
3371,2017-05-23,29.5,9
3372,2017-05-23,41.5,12
3373,2017-05-23,38.0,15
3374,2017-05-23,5.35,18
3375,2017-05-24,4.5,6
3376,2017-05-24,22.25,9
3377,2017-05-24,40.875,12
3378,2017-05-24,34.0,15
3379,2017-05-24,8.35,18
3380,2017-05-25,6.0,6
3381,2017-05-25,39.75,9
3382,2017-05-25,43.875,12
3383,2017-05-25,42.5,15
3384,2017-05-25,10.8,18
3385,2017-05-26,10.125,6
3386,2017-05-26,25.0,9
3387,2017-05-26,66.375,12
3388,2017-05-26,40.75,15
3389,2017-05-26,9.8,18
3390,2017-05-27,15.0,6
3391,2017-05-27,60.5,9
3392,2017-05-27,45.25,12
3393,2017-05-27,35.125,15
3394,2017-05-27,5.0,18
3395,2017-05-28,2.0,6
3396,2017-05-28,38.0,9
3397,2017-05-28,28.25,12
3398,2017-05-28,20.0,15
3399,2017-05-28,0.0,18
3400,2017-05-29,9.5,6
3401,2017-05-29,28.875,9
3402,2017-05-29,28.5,12
3403,2017-05-29,10.0,15
3404,2017-05-29,0.0,18
3405,2017-05-30,6.0,6
3406,2017-05-30,27.25,9
3407,2017-05-30,38.75,12
3408,2017-05-30,37.0,15
3409,2017-05-30,4.45,18
3410,2017-05-31,7.0,6
3411,2017-05-31,18.75,9
3412,2017-05-31,39.5,12
3413,2017-05-31,32.25,15
3414,2017-05-31,7.0,18
3415,2017-06-01,5.0,6
3416,2017-06-01,37.125,9
3417,2017-06-01,41.375,12
3418,2017-06-01,21.75,15
3419,2017-06-01,7.45,18
3420,2017-06-02,10.5,6
3421,2017-06-02,52.5,9
3422,2017-06-02,54.0,12
3423,2017-06-02,31.25,15
3424,2017-06-02,0.0,18
3425,2017-06-03,5.0,6
3426,2017-06-03,52.375,9
3427,2017-06-03,55.625,12
3428,2017-06-03,29.25,15
3429,2017-06-03,2.0,18
3430,2017-06-04,5.0,6
3431,2017-06-04,21.0,9
3432,2017-06-04,45.75,12
3433,2017-06-04,13.5,15
3434,2017-06-04,0.0,18
3435,2017-06-05,5.875,6
3436,2017-06-05,29.5,9
3437,2017-06-05,47.125,12
3438,2017-06-05,12.5,15
3439,2017-06-05,0.0,18
3440,2017-06-06,6.0,6
3441,2017-06-06,36.0,9
3442,2017-06-06,39.25,12
3443,2017-06-06,26.0,15
3444,2017-06-06,4.45,18
3445,2017-06-07,6.75,6
3446,2017-06-07,34.0,9
3447,2017-06-07,44.75,12
3448,2017-06-07,29.25,15
3449,2017-06-07,12.8,18
3450,2017-06-08,7.5,6
3451,2017-06-08,37.75,9
3452,2017-06-08,41.0,12
3453,2017-06-08,36.5,15
3454,2017-06-08,7.9,18
3455,2017-06-09,8.375,6
3456,2017-06-09,35.5,9
3457,2017-06-09,63.875,12
3458,2017-06-09,52.0,15
3459,2017-06-09,14.9,18
3460,2017-06-10,5.875,6
3461,2017-06-10,39.5,9
3462,2017-06-10,60.0,12
3463,2017-06-10,53.5,15
3464,2017-06-10,6.9,18
3465,2017-06-11,18.0,6
3466,2017-06-11,41.0,9
3467,2017-06-11,58.5,12
3468,2017-06-11,16.25,15
3469,2017-06-11,0.0,18
3470,2017-06-12,6.25,6
3471,2017-06-12,30.75,9
3472,2017-06-12,20.5,12
3473,2017-06-12,12.5,15
3474,2017-06-12,0.0,18
3475,2017-06-13,8.5,6
3476,2017-06-13,24.5,9
3477,2017-06-13,34.0,12
3478,2017-06-13,35.0,15
3479,2017-06-13,10.9,18
3480,2017-06-14,7.0,6
3481,2017-06-14,32.5,9
3482,2017-06-14,43.25,12
3483,2017-06-14,39.25,15
3484,2017-06-14,0.9,18
3485,2017-06-15,9.0,6
3486,2017-06-15,37.0,9
3487,2017-06-15,43.75,12
3488,2017-06-15,50.5,15
3489,2017-06-15,14.6,18
3490,2017-06-16,6.0,6
3491,2017-06-16,44.0,9
3492,2017-06-16,57.875,12
3493,2017-06-16,47.75,15
3494,2017-06-16,7.0,18
3495,2017-06-17,8.75,6
3496,2017-06-17,42.0,9
3497,2017-06-17,52.5,12
3498,2017-06-17,47.0,15
3499,2017-06-17,2.45,18
3500,2017-06-18,9.0,6
3501,2017-06-18,24.0,9
3502,2017-06-18,41.0,12
3503,2017-06-18,26.0,15
3504,2017-06-18,0.0,18
3505,2017-06-19,7.0,6
3506,2017-06-19,22.125,9
3507,2017-06-19,26.5,12
3508,2017-06-19,5.0,15
3509,2017-06-19,0.0,18
3510,2017-06-20,5.0,6
3511,2017-06-20,29.875,9
3512,2017-06-20,40.0,12
3513,2017-06-20,30.5,15
3514,2017-06-20,4.45,18
3515,2017-06-21,6.0,6
3516,2017-06-21,33.5,9
3517,2017-06-21,43.75,12
3518,2017-06-21,35.5,15
3519,2017-06-21,14.7,18
3520,2017-06-22,3.75,6
3521,2017-06-22,30.25,9
3522,2017-06-22,33.125,12
3523,2017-06-22,25.5,15
3524,2017-06-22,13.7,18
3525,2017-06-23,9.0,6
3526,2017-06-23,26.5,9
3527,2017-06-23,39.25,12
3528,2017-06-23,42.0,15
3529,2017-06-23,12.35,18
3530,2017-06-24,5.5,6
3531,2017-06-24,40.5,9
3532,2017-06-24,37.5,12
3533,2017-06-24,32.5,15
3534,2017-06-24,1.45,18
3535,2017-06-25,4.5,6
3536,2017-06-25,34.5,9
3537,2017-06-25,43.5,12
3538,2017-06-25,24.5,15
3539,2017-06-25,0.0,18
3540,2017-06-26,3.5,6
3541,2017-06-26,28.5,9
3542,2017-06-26,24.0,12
3543,2017-06-26,8.0,15
3544,2017-06-26,0.0,18
3545,2017-06-27,6.5,6
3546,2017-06-27,29.5,9
3547,2017-06-27,36.5,12
3548,2017-06-27,27.5,15
3549,2017-06-27,5.35,18
3550,2017-06-28,5.5,6
3551,2017-06-28,26.5,9
3552,2017-06-28,32.0,12
3553,2017-06-28,36.0,15
3554,2017-06-28,6.45,18
3555,2017-06-29,5.0,6
3556,2017-06-29,25.0,9
3557,2017-06-29,30.25,12
3558,2017-06-29,25.5,15
3559,2017-06-29,5.0,18
3560,2017-06-30,11.0,6
3561,2017-06-30,34.5,9
3562,2017-06-30,48.5,12
3563,2017-06-30,39.15,15
3564,2017-06-30,5.45,18
3565,2017-07-01,10.275,6
3566,2017-07-01,50.0,9
3567,2017-07-01,38.0,12
3568,2017-07-01,12.5,15
3569,2017-07-01,1.0,18
3570,2017-07-02,1.0,6
3571,2017-07-02,29.0,9
3572,2017-07-02,49.25,12
3573,2017-07-02,14.0,15
3574,2017-07-02,0.0,18
3575,2017-07-03,3.5,6
3576,2017-07-03,26.0,9
3577,2017-07-03,37.25,12
3578,2017-07-03,4.0,15
3579,2017-07-03,0.0,18
3580,2017-07-04,5.5,6
3581,2017-07-04,35.0,9
3582,2017-07-04,49.0,12
3583,2017-07-04,35.0,15
3584,2017-07-04,8.725,18
3585,2017-07-05,7.5,6
3586,2017-07-05,33.5,9
3587,2017-07-05,45.0,12
3588,2017-07-05,32.5,15
3589,2017-07-05,7.45,18
3590,2017-07-06,6.5,6
3591,2017-07-06,29.625,9
3592,2017-07-06,50.0,12
3593,2017-07-06,23.875,15
3594,2017-07-06,0.0,18
3595,2017-07-07,7.5,6
3596,2017-07-07,42.625,9
3597,2017-07-07,65.5,12
3598,2017-07-07,50.0,15
3599,2017-07-07,1.45,18
3600,2017-07-08,14.0,6
3601,2017-07-08,47.5,9
3602,2017-07-08,49.0,12
3603,2017-07-08,26.0,15
3604,2017-07-08,0.0,18
3605,2017-07-09,4.5,6
3606,2017-07-09,16.5,9
3607,2017-07-09,41.5,12
3608,2017-07-09,41.5,15
3609,2017-07-09,0.0,18
3610,2017-07-10,7.5,6
3611,2017-07-10,30.5,9
3612,2017-07-10,37.5,12
3613,2017-07-10,2.0,15
3614,2017-07-10,0.0,18
3615,2017-07-11,12.0,6
3616,2017-07-11,22.5,9
3617,2017-07-11,44.0,12
3618,2017-07-11,30.25,15
3619,2017-07-11,7.9,18
3620,2017-07-12,7.0,6
3621,2017-07-12,35.5,9
3622,2017-07-12,42.25,12
3623,2017-07-12,30.5,15
3624,2017-07-12,8.8,18
3625,2017-07-13,11.5,6
3626,2017-07-13,27.0,9
3627,2017-07-13,54.5,12
3628,2017-07-13,35.0,15
3629,2017-07-13,4.45,18
3630,2017-07-14,13.875,6
3631,2017-07-14,38.0,9
3632,2017-07-14,57.5,12
3633,2017-07-14,37.75,15
3634,2017-07-14,9.833333333333334,18
3635,2017-07-15,8.0,6
3636,2017-07-15,34.5,9
3637,2017-07-15,54.5,12
3638,2017-07-15,20.5,15
3639,2017-07-15,5.45,18
3640,2017-07-16,3.0,6
3641,2017-07-16,32.0,9
3642,2017-07-16,56.25,12
3643,2017-07-16,20.5,15
3644,2017-07-16,0.0,18
3645,2017-07-17,6.375,6
3646,2017-07-17,31.25,9
3647,2017-07-17,38.75,12
3648,2017-07-17,7.0,15
3649,2017-07-17,0.0,18
3650,2017-07-18,9.5,6
3651,2017-07-18,40.5,9
3652,2017-07-18,29.5,12
3653,2017-07-18,39.95,15
3654,2017-07-18,13.8,18
3655,2017-07-19,3.5,6
3656,2017-07-19,28.0,9
3657,2017-07-19,50.0,12
3658,2017-07-19,34.5,15
3659,2017-07-19,2.45,18
3660,2017-07-20,7.5,6
3661,2017-07-20,39.0,9
3662,2017-07-20,31.0,12
3663,2017-07-20,47.0,15
3664,2017-07-20,8.083333333333334,18
3665,2017-07-21,21.5,6
3666,2017-07-21,29.5,9
3667,2017-07-21,53.625,12
3668,2017-07-21,60.0,15
3669,2017-07-21,13.7,18
3670,2017-07-22,19.0,6
3671,2017-07-22,44.5,9
3672,2017-07-22,39.5,12
3673,2017-07-22,15.5,15
3674,2017-07-22,4.35,18
3675,2017-07-23,1.0,6
3676,2017-07-23,26.375,9
3677,2017-07-23,42.25,12
3678,2017-07-23,20.5,15
3679,2017-07-23,0.0,18
3680,2017-07-24,6.5,6
3681,2017-07-24,19.5,9
3682,2017-07-24,31.0,12
3683,2017-07-24,10.0,15
3684,2017-07-24,0.0,18
3685,2017-07-25,5.5,6
3686,2017-07-25,28.5,9
3687,2017-07-25,50.75,12
3688,2017-07-25,33.0,15
3689,2017-07-25,1.0,18
3690,2017-07-26,7.0,6
3691,2017-07-26,31.5,9
3692,2017-07-26,43.5,12
3693,2017-07-26,29.0,15
3694,2017-07-26,7.35,18
3695,2017-07-27,6.0,6
3696,2017-07-27,39.5,9
3697,2017-07-27,34.75,12
3698,2017-07-27,27.25,15
3699,2017-07-27,8.9,18
3700,2017-07-28,11.875,6
3701,2017-07-28,38.0,9
3702,2017-07-28,50.25,12
3703,2017-07-28,41.75,15
3704,2017-07-28,7.0,18
3705,2017-07-29,12.0,6
3706,2017-07-29,45.0,9
3707,2017-07-29,49.0,12
3708,2017-07-29,15.375,15
3709,2017-07-29,1.45,18
3710,2017-07-30,5.0,6
3711,2017-07-30,31.5,9
3712,2017-07-30,37.0,12
3713,2017-07-30,32.0,15
3714,2017-07-30,0.0,18
3715,2017-07-31,9.5,6
3716,2017-07-31,18.75,9
3717,2017-07-31,40.0,12
3718,2017-07-31,1.0,15
3719,2017-07-31,0.0,18
